{
  "project_info": {
    "project_number": "956877843899",
    "project_id": "timetrident-c507a",
    "storage_bucket": "timetrident-c507a.appspot.com"
  },
  "client": [
    {
      "client_info": {
        "mobilesdk_app_id": "1:956877843899:android:6db471129ca61a1b80289e",
        "android_client_info": {
          "package_name": "com.example.timetridentgroupproject"
        }
      },
      "oauth_client": [],
      "api_key": [
        {
          "current_key": "AIzaSyByhAvARw5zYQuBXPCRoVzJmjBztlI31eI"
        }
      ],
      "services": {
        "appinvite_service": {
          "other_platform_oauth_client": []
        }
      }
    }
  ],
  "configuration_version": "1"
}